<?xml version="1.0" standalone="no" ?>
<manifest identifier="EG8267484c-44a0-48d8-bb07-4c7da43907d2" version="1.1.1"
          xmlns="http://www.imsglobal.org/xsd/imscp_v1p1"
          xmlns:adlcp="http://www.adlnet.org/xsd/adlcp_v1p3"
          xmlns:imsss="http://www.imsglobal.org/xsd/imsss"
          xmlns:xsi="http://www.w3.org/2001/XMLSchema-instance"
          xsi:schemaLocation="http://www.imsglobal.org/xsd/imscp_v1p1 imscp_v1p1.xsd
                               http://www.adlnet.org/xsd/adlcp_v1p3 adlcp_v1p3.xsd
                               http://www.imsglobal.org/xsd/imsss imsss_v1p0.xsd">
    <metadata>
        <schema>ADL SCORM</schema>
        <schemaversion>2004 4th Edition</schemaversion>
    </metadata>

    <organizations default="easygenerator">
        <organization identifier="easygenerator">
            <title>Onboarding new hires</title>
            <item identifier="eg1" identifierref="REFSCO1" isvisible="true">
                <title>Onboarding new hires</title>
                <imsss:sequencing>
                    <imsss:deliveryControls objectiveSetByContent="true" completionSetByContent="true"/>
                </imsss:sequencing>
            </item>
            <imsss:sequencing>
                <imsss:controlMode useCurrentAttemptProgressInfo="false"
                                   useCurrentAttemptObjectiveInfo="false" flow="true"/>
            </imsss:sequencing>
        </organization>
    </organizations>
    <resources>
        <resource identifier="REFSCO1" type="webcontent" adlcp:scormType="sco" href="index.html">
            <metadata>
                <adlcp:location>metadata.xml</adlcp:location>
            </metadata>
            <dependency identifierref="resources" />
        </resource>
        <resource identifier="resources" type="webcontent" adlcp:scormType="asset">
                <file href="adlcp_v1p3.xsd" />
                <file href="asset-manifest.json" />
                <file href="content/165f2da9-38b7-4ff8-8faa-035d9b90bc60.html" />
                <file href="content/1b95e2ec-ef5a-4594-b284-f50c3c8d3ac8.html" />
                <file href="content/22037833-3a92-4495-8c5a-4ef9e63d3b07.html" />
                <file href="content/25c5f8b7-de49-4c84-88b0-ecb140c8b6df.html" />
                <file href="content/2f1ae3fa-5084-4dd5-aa61-32b2e4069593.html" />
                <file href="content/3618a8e7-ca49-4e97-8be2-f3884db68d15.html" />
                <file href="content/3e273f03-0fdd-4f82-aafc-aa6dd8c2bb91.html" />
                <file href="content/63a80508-65a3-422d-a623-599a89e5d69d.html" />
                <file href="content/6f320798-1ba6-48ec-866f-ed81d521c646.html" />
                <file href="content/70321a1e-07d4-44d9-98d5-76b6ad3d831b.html" />
                <file href="content/7226fda6-78ba-4f0f-a912-794a25383081.html" />
                <file href="content/a58de258-977b-43ea-b4a5-af9dcec8c2b4.html" />
                <file href="content/b2f7b925-6dcf-4499-bda8-ef594e45a440.html" />
                <file href="content/c4c51323-a742-463c-9c09-edabe3c8236d.html" />
                <file href="content/c4f72b19-1e74-4e07-921f-8a448414ce2f.html" />
                <file href="content/c7f79391-999c-4ea3-8554-38ef1ee5324d.html" />
                <file href="content/d255860c-9355-4d46-9e1f-fc10571dd391.html" />
                <file href="content/d4636634-e802-4bf5-9ce7-6d17fd015bbb.html" />
                <file href="content/data.js" />
                <file href="content/dc0deb38-a5a4-45c9-9ad6-e2cc548eabb0.html" />
                <file href="content/df6c1444-f821-4d28-b2ca-952b2cf1de91.html" />
                <file href="content/e814c885-1095-4bdb-bde1-b5dee551b848.html" />
                <file href="content/ecf78826-fb07-4eaf-84c4-1345b9f33743.html" />
                <file href="content/f5087dd5-3d64-43ad-a965-d81dd2aad436.html" />
                <file href="content/fa1324d8-4d06-48d6-881b-478dd0413e4b.html" />
                <file href="content/fcb151b7-8234-4218-954f-944ba84f7da3.html" />
                <file href="customisations.json" />
                <file href="fonts/OpenSans-Bold.woff" />
                <file href="fonts/OpenSans-Bold.woff2" />
                <file href="fonts/OpenSans-BoldItalic.woff" />
                <file href="fonts/OpenSans-BoldItalic.woff2" />
                <file href="fonts/OpenSans-Italic.woff" />
                <file href="fonts/OpenSans-Italic.woff2" />
                <file href="fonts/OpenSans-Regular.woff" />
                <file href="fonts/OpenSans-Regular.woff2" />
                <file href="fonts/PTSerif-Bold.woff" />
                <file href="fonts/PTSerif-Bold.woff2" />
                <file href="fonts/PTSerif-BoldItalic.woff" />
                <file href="fonts/PTSerif-BoldItalic.woff2" />
                <file href="fonts/PTSerif-Italic.woff" />
                <file href="fonts/PTSerif-Italic.woff2" />
                <file href="fonts/PTSerif-Regular.woff" />
                <file href="fonts/PTSerif-Regular.woff2" />
                <file href="fonts/fonts.css" />
                <file href="fonts/iowanoldst-bt-400.ttf" />
                <file href="fonts/qanelas-soft-400.ttf" />
                <file href="fonts/qanelas-soft-600.ttf" />
                <file href="imscp_v1p1.xsd" />
                <file href="includedModules/lms.js" />
                <file href="index.html" />
                <file href="lang/af.json" />
                <file href="lang/ar.json" />
                <file href="lang/bg.json" />
                <file href="lang/bn.json" />
                <file href="lang/ca.json" />
                <file href="lang/cz.json" />
                <file href="lang/da.json" />
                <file href="lang/de.json" />
                <file href="lang/el.json" />
                <file href="lang/en.json" />
                <file href="lang/es.json" />
                <file href="lang/et.json" />
                <file href="lang/fi.json" />
                <file href="lang/fr.json" />
                <file href="lang/he.json" />
                <file href="lang/hi.json" />
                <file href="lang/hr.json" />
                <file href="lang/hu.json" />
                <file href="lang/id.json" />
                <file href="lang/it.json" />
                <file href="lang/ja.json" />
                <file href="lang/ko.json" />
                <file href="lang/lt.json" />
                <file href="lang/lv.json" />
                <file href="lang/ms.json" />
                <file href="lang/nb-no.json" />
                <file href="lang/nl.json" />
                <file href="lang/nn-no.json" />
                <file href="lang/no_filename.json" />
                <file href="lang/pl.json" />
                <file href="lang/pt-br.json" />
                <file href="lang/pt.json" />
                <file href="lang/pt_PT.json" />
                <file href="lang/ro.json" />
                <file href="lang/ru.json" />
                <file href="lang/rw.json" />
                <file href="lang/sk.json" />
                <file href="lang/sl.json" />
                <file href="lang/sq.json" />
                <file href="lang/sv.json" />
                <file href="lang/th.json" />
                <file href="lang/tr.json" />
                <file href="lang/uk.json" />
                <file href="lang/vi.json" />
                <file href="lang/zh-hans.json" />
                <file href="lang/zh-hant.json" />
                <file href="lomLoose.xsd" />
                <file href="manifest.json" />
                <file href="media/0d7c0aa3-38ee-480f-929b-0d7acdf6af84.webp" />
                <file href="media/1894bd08-6f8b-40c1-aecb-33f9d694e13c.jpg" />
                <file href="media/6b0582a0-ee9c-4b9c-9dd1-623888b88897.png" />
                <file href="media/a2156ef7-db33-48ed-8aff-66a5782e9e57.webp" />
                <file href="media/bb05a668-1afd-4687-8940-43eca5596a22.png" />
                <file href="media/c6d3bee7-e730-47b9-8fcc-261c0cd56925.webp" />
                <file href="precache-manifest.b043bf89c71aec2b553c1996fa5a19a7.js" />
                <file href="preview/images/preview.jpg" />
                <file href="preview/thumbnail.png" />
                <file href="print/assets/fontawesome-webfont.svg" />
                <file href="print/bundle.8b880ac7bd07a77ff71f.js" />
                <file href="print/fonts/custom-icons.woff" />
                <file href="print/fonts/custom-icons.woff2" />
                <file href="print/fonts/fontawesome-webfont.eot" />
                <file href="print/fonts/fontawesome-webfont.ttf" />
                <file href="print/fonts/fontawesome-webfont.woff" />
                <file href="print/fonts/fontawesome-webfont.woff2" />
                <file href="print/index.html" />
                <file href="print/main.css" />
                <file href="publishSettings.js" />
                <file href="service-worker.js" />
                <file href="settings.js" />
                <file href="static/css/6.36f01f49.chunk.css" />
                <file href="static/css/main.3ea6b095.chunk.css" />
                <file href="static/js/0.e91c258b.chunk.js" />
                <file href="static/js/1.692165f5.chunk.js" />
                <file href="static/js/1.692165f5.chunk.js.LICENSE" />
                <file href="static/js/10.59318b3e.chunk.js" />
                <file href="static/js/11.a70c0929.chunk.js" />
                <file href="static/js/12.82ad8da7.chunk.js" />
                <file href="static/js/13.266183a8.chunk.js" />
                <file href="static/js/14.633e3be2.chunk.js" />
                <file href="static/js/15.9de4bff3.chunk.js" />
                <file href="static/js/16.1a08922d.chunk.js" />
                <file href="static/js/2.04a4120e.chunk.js" />
                <file href="static/js/2.04a4120e.chunk.js.LICENSE" />
                <file href="static/js/3.e4e84b17.chunk.js" />
                <file href="static/js/6.f1afb6f1.chunk.js" />
                <file href="static/js/6.f1afb6f1.chunk.js.LICENSE" />
                <file href="static/js/7.23997d66.chunk.js" />
                <file href="static/js/8.01975353.chunk.js" />
                <file href="static/js/9.ea9c647c.chunk.js" />
                <file href="static/js/main.76b04bd0.chunk.js" />
                <file href="static/js/runtime-main.8e65119d.js" />
                <file href="static/media/branding.98efd528.svg" />
                <file href="static/media/circle-caret.2a14e5c5.svg" />
                <file href="static/media/custom-icons.562389d3.woff" />
                <file href="static/media/custom-icons.93959d55.woff2" />
                <file href="static/media/font-adjustment-decrease.db96d997.svg" />
                <file href="static/media/font-adjustment-increase.1de7051c.svg" />
                <file href="static/media/fontawesome-webfont.674f50d2.eot" />
                <file href="static/media/fontawesome-webfont.912ec66d.svg" />
                <file href="static/media/fontawesome-webfont.af7ae505.woff2" />
                <file href="static/media/fontawesome-webfont.b06871f2.ttf" />
                <file href="static/media/fontawesome-webfont.fee66e71.woff" />
                <file href="static/media/handlebar.a2bff5cf.svg" />
                <file href="static/media/image-preview.0a4bff10.svg" />
                <file href="static/media/lock.94508885.svg" />
                <file href="static/media/not-found.ba64d91d.svg" />
                <file href="themeSettings.js" />
        </resource>
    </resources>
</manifest>
